김현지,서울특별시 노원구 반포대길 (병철이읍),47118,브루나이,(주) 장이김,행사기획자,053-995-0585,gimjungsu@example.net,phwang,172.29.210.249,자가 이용 가능한 요약 엑스트라넷,Lavender
오아름,경상북도 영동군 서초대가,57718,몰타,(유) 홍송김,제화원,017-004-5671,vi@example.org,gimyeongjin,10.214.216.69,복제된 잘 모듈화된 우연성,OliveDrab
김병철,인천광역시 관악구 삼성4거리 (지원이우동),98092,스리랑카,김김이,전기공학 기술자 및 연구원,062-607-4465,yi@example.org,yejinseong,192.168.236.11,줄어든 문맥 기반 솔루션,FireBrick
박정호,전라남도 영동군 강남대가,33263,조선민주주의인민공화국,유한회사 박이박,치과 의사,018-210-0816,seohayun@example.net,gcoe,192.168.145.118,강화된 고도 기반 그룹웨어,Blue
안지은,충청북도 공주시 도산대4길,72932,세인트루시아,유한회사 최김강,금속 / 재료공학 연구원 및 기술자,063-422-9498,joeunjeong@example.org,jinu36,192.168.155.228,안정적인 확장 배열,Thistle
김정식,대전광역시 중랑구 잠실로,98834,트리니다드 토바고,(주) 주,방수공,055-880-6338,hyeonsugyun@example.net,bageunseo,172.28.242.73,출판된 안정적 그룹웨어,Chocolate
이예진,인천광역시 동대문구 도산대7로 (민수권읍),86172,부탄,주식회사 오최이,단조기 조작원,053-119-8577,pbaeg@example.com,yeongmian,192.168.242.144,유저 친화적 결정 관리자,Wheat
김우진,경상북도 고양시 일산동구 오금1로,30178,크로아티아,한서,경기감독 및 코치,052-047-3095,coejeongsun@example.net,seongminim,172.30.163.206,더 작아진 가치추가 그룹웨어,FireBrick
허영길,서울특별시 관악구 오금4거리 (민수이리),19631,슬로바키아,양이박,상점 판매원,033-761-7366,junseoi@example.com,yeongmigim,172.29.246.53,효율적인 합성물 환경,DarkCyan
최영순,충청북도 청주시 청원구 테헤란로,50695,튀니지,이고,어부 및 해녀,051-498-1140,yeongsun84@example.net,yunmyeongja,172.31.27.123,줄어든 분석중인 우연성,Cornsilk
김은서,경기도 횡성군 오금로,29331,페루,이이나,이용사,044-492-2213,hyu@example.net,junho07,172.20.255.92,다양한 선구적 예보,Aquamarine
문현지,전라남도 청주시 서원구 개포가 (현숙강송동),82268,캐나다,박김김,양장 및 양복 제조원,042-977-9561,byeongceol71@example.com,myun,172.29.79.209,설정 가능한 결정 유연성,Black
김예원,충청북도 양양군 잠실가,10408,이란,황오홍,초등학교 교사,017-549-5466,hansangceol@example.net,oan,192.168.174.171,복제된 확장 펌웨어,MediumOrchid
구은정,인천광역시 중구 봉은사거리 (병철류마을),11082,콩고 공화국,김김,주차 관리원 및 안내원,016-501-9370,jeongung04@example.com,cgim,10.120.154.53,자가 이용 가능한 최대화 웹 사이트,Olive
차서연,부산광역시 종로구 서초대길,92952,보스니아 헤르체고비나,유한회사 홍윤이,가축 사육 종사원,010-2515-6392,andonghyeon@example.net,wgang,10.30.217.100,동기화 중립형 컨셉,DarkGray
박도윤,경기도 부여군 잠실가 (재현김오마을),03396,일본,나정,강구조물 가공원 및 건립원,044-686-9422,seoyeon70@example.com,gimgyeongsug,192.168.252.38,적응된 5세대 모델,Gainsboro
윤영길,대구광역시 종로구 압구정가,81974,중화인민공화국,주식회사 김,컴퓨터 하드웨어 기술자 및 연구원,053-362-6155,sanghuni@example.net,seoyeon86,10.91.120.234,수익에 중점을 둔 24/7 미들웨어,PaleVioletRed
최지원,인천광역시 서초구 석촌호수길 (성훈안면),16382,바하마,유한회사 이,선장/항해사 및 도선사,052-835-0488,jinho07@example.com,hyeonsughan,192.168.255.147,크로스 플랫폼 헌신적 우연성,PeachPuff
고경수,충청북도 오산시 양재천로,18842,아프가니스탄,(유) 진양김,국가/지방 및 공공행정 사무원,011-821-6847,sanghuncoe@example.net,gyeongsujeong,10.237.56.228,독보적인 고도 기반 보안구역,NavajoWhite
김영수,경기도 수원시 테헤란길,07345,브라질,(주) 고장최,기타 목재 및 종이 관련 기계조작원,011-491-8553,vgim@example.com,sunjaha,10.130.181.145,자동화된 근본적 예산 관리,LightGreen
박예지,경기도 양구군 선릉977가,16248,시에라리온 공화국,조최,단조원,031-614-9791,sanghun49@example.net,gimseonghyeon,172.26.64.91,복제된 역수 프로젝트,SlateBlue
나도윤,제주특별자치도 화천군 반포대로 (민석김동),55948,부룬디,(유) 권,모피 및 가죽의복 제조원,032-833-6617,tcoe@example.net,jeongsug14,10.85.204.99,원활한 무관리 그룹웨어,PapayaWhip
김유진,서울특별시 영등포구 서초대로,66000,볼리비아,남이,섬유공학 기술자 및 연구원,019-305-3826,ugim@example.com,gweonbyeongceol,172.27.86.96,유저 친화적 지역적 시간화,Yellow
이수민,강원도 춘천시 가락831로 (지혜김읍),89346,우간다,(유) 이,기타 건축마감관련 기능 종사원,062-842-2810,bi@example.com,gimyeeun,192.168.17.44,멀티 레이어 다중 상태 연합,SandyBrown
권현정,충청남도 태안군 언주012길,97799,콜롬비아,(주) 박,응급구조사,02-6557-9806,jiweongo@example.com,seonghungang,172.31.53.118,최전방 로컬 포탈,BlueViolet
이지훈,인천광역시 관악구 삼성거리,66310,코모로,유한회사 한김백,기타 이미용/예식 및 의료보조 서비스 종사원,02-6487-5673,yeongsubag@example.net,sgim,172.21.79.186,리버스 엔지니어링된 중립형 성공,MediumTurquoise
김현지,인천광역시 서초구 테헤란거리,66824,노르웨이,고김김,기술 영업원,043-835-6388,jihyegim@example.net,ybag,172.26.142.241,다중 주파수 6세대 컨셉,DarkViolet
이수민,울산광역시 서구 양재천거리 (영수권김마을),38121,아이티,황서,기타 기술영업 및 중개 관련 종사자,043-601-0041,jangmijeong@example.org,yujinjeong,172.19.10.135,무결점의 분석중인 전략,Aqua
김정식,전라남도 당진시 양재천가,96426,마셜 제도,유한회사 류,자동차 부분품 조립원,044-070-7754,baegseohyeon@example.net,jihyeon26,172.26.43.104,완벽히 설정된 헌신적 프레임,AliceBlue
황하윤,경상남도 수원시 영통구 테헤란가 (서준박백동),07040,소말리아,서이,마술사 및 기타 문화/ 예술 관련 종사자,052-529-6366,junyeong47@example.org,jihun23,172.22.189.152,동기화 가치추가 어플리케이션,Cornsilk
